{"classes":["INGREDIENTS"],"annotations":[["1 pound boneless skinless chicken breasts, cut into 1/2-inch cubes;1 medium onion, chopped;1-1/2 teaspoons garlic powder;1 tablespoon canola oil;2 cans (15-1/2 ounces each) great northern beans, rinsed and drained;1 can (14-1/2 ounces) chicken broth;2 cans (4 ounces each) chopped green chiles;1 teaspoon salt;1 teaspoon ground cumin;1 teaspoon dried oregano;1/2 teaspoon pepper;1/4 teaspoon cayenne pepper;1 cup sour cream;1/2 cup heavy whipping cream;Optional: Tortilla chips, shredded cheddar cheese, sliced seeded jalapeno pepper\r",{"entities":[[26,33,"INGREDIENTS"],[34,41,"INGREDIENTS"],[76,81,"INGREDIENTS"],[107,113,"INGREDIENTS"],[134,144,"INGREDIENTS"],[188,193,"INGREDIENTS"],[281,293,"INGREDIENTS"],[305,309,"INGREDIENTS"],[328,333,"INGREDIENTS"],[351,358,"INGREDIENTS"],[372,378,"INGREDIENTS"],[400,406,"INGREDIENTS"],[418,423,"INGREDIENTS"],[463,471,"INGREDIENTS"],[496,502,"INGREDIENTS"],[518,526,"INGREDIENTS"],[527,533,"INGREDIENTS"]]}],["1-3/4 cups all-purpose flour;1-1/2 cups sugar;1 teaspoon baking soda;1/2 teaspoon salt;2 large eggs, room temperature;2 medium ripe bananas, mashed (1 cup);1/2 cup canola oil;1/4 cup plus 1 tablespoon buttermilk;1 teaspoon vanilla extract;1 cup chopped walnuts\r",{"entities":[[23,28,"INGREDIENTS"],[40,45,"INGREDIENTS"],[64,68,"INGREDIENTS"],[82,86,"INGREDIENTS"],[95,99,"INGREDIENTS"],[132,139,"INGREDIENTS"],[164,174,"INGREDIENTS"],[201,211,"INGREDIENTS"],[223,230,"INGREDIENTS"],[253,260,"INGREDIENTS"]]}],["1/2 pound ground beef;4 tablespoons butter, divided;3/4 cup chopped onion;3/4 cup shredded carrots;3/4 cup diced celery;1 teaspoon dried basil;1 teaspoon dried parsley flakes;1-3/4 pounds (about 4 cups) cubed peeled potatoes;3 cups chicken broth;1/4 cup all-purpose flour;2 to 4 cups shredded Velveeta;1-1/2 cups whole milk;3/4 teaspoon salt;1/4 to 1/2 teaspoon pepper;1/4 cup sour cream;Optional: Onion rings and thinly sliced green onions\r",{"entities":[[17,21,"INGREDIENTS"],[36,42,"INGREDIENTS"],[68,73,"INGREDIENTS"],[91,98,"INGREDIENTS"],[113,119,"INGREDIENTS"],[137,142,"INGREDIENTS"],[160,167,"INGREDIENTS"],[216,224,"INGREDIENTS"],[232,239,"INGREDIENTS"],[266,271,"INGREDIENTS"],[293,301,"INGREDIENTS"],[319,323,"INGREDIENTS"],[337,341,"INGREDIENTS"],[362,368,"INGREDIENTS"],[382,387,"INGREDIENTS"],[398,403,"INGREDIENTS"],[428,440,"INGREDIENTS"]]}],["1 pound sliced bacon, diced;1 medium sweet onion, chopped;6 large eggs, lightly beaten;4 cups frozen shredded hash brown potatoes, thawed;2 cups shredded cheddar cheese;1-1/2 cups 4% cottage cheese;1-1/4 cups shredded Swiss cheese\r",{"entities":[[15,20,"INGREDIENTS"],[22,27,"INGREDIENTS"],[37,48,"INGREDIENTS"],[66,70,"INGREDIENTS"],[121,129,"INGREDIENTS"],[162,168,"INGREDIENTS"],[191,197,"INGREDIENTS"],[224,230,"INGREDIENTS"]]}],["3/4 cup butter, softened;2-1/2 cups sugar;3 large eggs, room temperature;1 can (15 ounces) solid-pack pumpkin;2-1/3 cups all-purpose flour;1 tablespoon pumpkin pie spice;1 teaspoon baking powder;1 teaspoon ground cinnamon;3/4 teaspoon salt;1/2 teaspoon baking soda;1/2 teaspoon ground ginger;1 cup buttermilk;frosting:;1 package (8 ounces) cream cheese, softened;1/2 cup butter, softened;4 cups confectioners' sugar;1 teaspoon vanilla extract;2 teaspoons ground cinnamon\r",{"entities":[[8,14,"INGREDIENTS"],[36,41,"INGREDIENTS"],[50,54,"INGREDIENTS"],[102,109,"INGREDIENTS"],[133,138,"INGREDIENTS"],[152,159,"INGREDIENTS"],[160,163,"INGREDIENTS"],[188,194,"INGREDIENTS"],[213,221,"INGREDIENTS"],[235,239,"INGREDIENTS"],[253,264,"INGREDIENTS"],[285,291,"INGREDIENTS"],[298,308,"INGREDIENTS"],[340,352,"INGREDIENTS"],[410,415,"INGREDIENTS"],[427,434,"INGREDIENTS"],[462,470,"INGREDIENTS"]]}],["2 cups diced peeled potatoes;1-3/4 cups sliced carrots;1 cup butter, cubed;2/3 cup chopped onion;1 cup all-purpose flour;1-3/4 teaspoons salt;1 teaspoon dried thyme;3/4 teaspoon pepper;3 cups chicken broth;1-1/2 cups whole milk;4 cups cubed cooked chicken;1 cup frozen peas;1 cup frozen corn;4 sheets refrigerated pie crust\r",{"entities":[[20,28,"INGREDIENTS"],[47,54,"INGREDIENTS"],[61,67,"INGREDIENTS"],[91,96,"INGREDIENTS"],[115,120,"INGREDIENTS"],[137,141,"INGREDIENTS"],[159,164,"INGREDIENTS"],[178,184,"INGREDIENTS"],[192,199,"INGREDIENTS"],[223,227,"INGREDIENTS"],[248,255,"INGREDIENTS"],[269,273,"INGREDIENTS"],[287,291,"INGREDIENTS"],[318,323,"INGREDIENTS"]]}],["4 tablespoons canola oil, divided;2 tablespoons lemon juice;1-1/2 teaspoons seasoned salt;1-1/2 teaspoons dried oregano;1-1/2 teaspoons ground cumin;1 teaspoon garlic powder;1/2 teaspoon chili powder;1/2 teaspoon paprika;1/2 teaspoon crushed red pepper flakes, optional;1-1/2 pounds boneless skinless chicken breasts, cut into thin strips;1/2 medium sweet red pepper, julienned;1/2 medium green pepper, julienned;4 green onions, thinly sliced;1/2 cup chopped onion;6 flour tortillas (8 inches), warmed;Optional: Shredded cheddar cheese, taco sauce, salsa, guacamole, sliced red onions and sour cream\r",{"entities":[[14,24,"INGREDIENTS"],[48,59,"INGREDIENTS"],[85,89,"INGREDIENTS"],[112,119,"INGREDIENTS"],[160,173,"INGREDIENTS"],[187,199,"INGREDIENTS"],[213,220,"INGREDIENTS"],[242,252,"INGREDIENTS"],[301,308,"INGREDIENTS"],[356,366,"INGREDIENTS"],[389,401,"INGREDIENTS"],[415,427,"INGREDIENTS"],[459,464,"INGREDIENTS"],[473,482,"INGREDIENTS"],[529,535,"INGREDIENTS"],[537,547,"INGREDIENTS"],[549,554,"INGREDIENTS"],[556,565,"INGREDIENTS"],[574,584,"INGREDIENTS"],[589,599,"INGREDIENTS"]]}],["Dough for double-crust pie;1/3 cup sugar;1/3 cup packed brown sugar;1/4 cup all-purpose flour;1 teaspoon ground cinnamon;1/4 teaspoon ground ginger;1/4 teaspoon ground nutmeg;6 to 7 cups thinly sliced peeled tart apples;1 tablespoon lemon juice;1 tablespoon butter;1 large egg white;Optional: Turbinado or coarse sugar, ground cinnamon, vanilla bean ice cream and caramel sauce\r",{"entities":[[10,26,"INGREDIENTS"],[35,40,"INGREDIENTS"],[56,67,"INGREDIENTS"],[88,93,"INGREDIENTS"],[141,147,"INGREDIENTS"],[168,174,"INGREDIENTS"],[213,219,"INGREDIENTS"],[233,244,"INGREDIENTS"],[258,264,"INGREDIENTS"],[273,276,"INGREDIENTS"],[293,302,"INGREDIENTS"],[313,318,"INGREDIENTS"],[327,335,"INGREDIENTS"],[350,359,"INGREDIENTS"],[364,377,"INGREDIENTS"]]}],["1 pound lean ground beef (90% lean);1 large onion, chopped;2 cups salsa;1 can (15 ounces) black beans, rinsed and drained;1/4 cup reduced-fat Italian salad dressing;2 tablespoons reduced-sodium taco seasoning;1/4 teaspoon ground cumin;6 flour tortillas (8 inches);3/4 cup reduced-fat sour cream;1 cup shredded reduced-fat Mexican cheese blend;1 cup shredded lettuce;1 medium tomato, chopped;1/4 cup minced fresh cilantro\r",{"entities":[[20,24,"INGREDIENTS"],[44,49,"INGREDIENTS"],[66,71,"INGREDIENTS"],[96,101,"INGREDIENTS"],[142,155,"INGREDIENTS"],[194,198,"INGREDIENTS"],[229,234,"INGREDIENTS"],[243,252,"INGREDIENTS"],[284,294,"INGREDIENTS"],[330,336,"INGREDIENTS"],[375,381,"INGREDIENTS"],[412,420,"INGREDIENTS"]]}],["4 cups shredded unpeeled zucchini;1/2 teaspoon salt;2 large eggs;1/2 cup grated Parmesan cheese;2 cups shredded part-skim mozzarella cheese, divided;1 cup shredded cheddar cheese, divided;1 pound ground beef;1/2 cup chopped onion;1 can (15 ounces) Italian tomato sauce;1 medium green or sweet red pepper, chopped\r",{"entities":[[25,33,"INGREDIENTS"],[47,51,"INGREDIENTS"],[60,64,"INGREDIENTS"],[89,95,"INGREDIENTS"],[133,139,"INGREDIENTS"],[172,178,"INGREDIENTS"],[203,207,"INGREDIENTS"],[224,229,"INGREDIENTS"],[256,262,"INGREDIENTS"],[293,303,"INGREDIENTS"]]}],["1 pound ground beef;3/4 pound bulk pork sausage;3 cans (8 ounces each) tomato sauce;2 cans (6 ounces each) tomato paste;2 garlic cloves, minced;2 teaspoons sugar;1 teaspoon Italian seasoning;1/2 to 1 teaspoon salt;1/4 to 1/2 teaspoon pepper;3 large eggs;3 tablespoons minced fresh parsley;3 cups 4% small-curd cottage cheese;1 cup ricotta cheese;1/2 cup grated Parmesan cheese;9 lasagna noodles, cooked and drained;6 slices provolone cheese (about 6 ounces);3 cups shredded part-skim mozzarella cheese, divided\r",{"entities":[[15,19,"INGREDIENTS"],[35,39,"INGREDIENTS"],[71,77,"INGREDIENTS"],[122,128,"INGREDIENTS"],[156,161,"INGREDIENTS"],[209,213,"INGREDIENTS"],[234,240,"INGREDIENTS"],[249,253,"INGREDIENTS"],[281,288,"INGREDIENTS"],[318,324,"INGREDIENTS"],[339,345,"INGREDIENTS"],[387,394,"INGREDIENTS"],[434,440,"INGREDIENTS"],[495,501,"INGREDIENTS"]]}],["1 medium head cauliflower, broken into florets;1 medium carrot, shredded;1/4 cup chopped celery;2-1/2 cups water;2 teaspoons chicken bouillon or 1 vegetable bouillon cube;3 tablespoons butter;3 tablespoons all-purpose flour;3/4 teaspoon salt;1/8 teaspoon pepper;2 cups 2% milk;1 cup shredded cheddar cheese;1/2 to 1 teaspoon hot pepper sauce, optional\r",{"entities":[[14,25,"INGREDIENTS"],[39,46,"INGREDIENTS"],[56,72,"INGREDIENTS"],[89,95,"INGREDIENTS"],[107,112,"INGREDIENTS"],[125,132,"INGREDIENTS"],[185,191,"INGREDIENTS"],[218,223,"INGREDIENTS"],[237,241,"INGREDIENTS"],[255,261,"INGREDIENTS"],[300,306,"INGREDIENTS"],[329,335,"INGREDIENTS"]]}],["1 package (1/4 ounce) active dry yeast;3 tablespoons plus 1/2 teaspoon sugar;2-1/4 cups warm water (110� to 115�);1 tablespoon salt;6-1/4 to 6-3/4 cups bread flour;2 tablespoons canola oil\r",{"entities":[[33,38,"INGREDIENTS"],[71,76,"INGREDIENTS"],[93,98,"INGREDIENTS"],[127,131,"INGREDIENTS"],[158,163,"INGREDIENTS"],[178,188,"INGREDIENTS"]]}],["3 large eggs, room temperature;1-1/3 cups sugar;1/2 cup canola oil;1/2 cup orange juice;1 teaspoon almond extract;2-1/2 cups all-purpose flour;2 teaspoons ground cinnamon;2 teaspoons baking powder;1 teaspoon baking soda;1 teaspoon salt;1/2 teaspoon ground cloves;1-1/2 cups shredded zucchini;frosting:;1 cup packed brown sugar;1/2 cup butter, cubed;1/4 cup 2% milk;1 teaspoon vanilla extract;1-1/2 to 2 cups confectioners' sugar\r",{"entities":[[8,12,"INGREDIENTS"],[42,47,"INGREDIENTS"],[56,66,"INGREDIENTS"],[75,87,"INGREDIENTS"],[137,142,"INGREDIENTS"],[162,170,"INGREDIENTS"],[183,196,"INGREDIENTS"],[208,219,"INGREDIENTS"],[231,235,"INGREDIENTS"],[256,262,"INGREDIENTS"],[315,326,"INGREDIENTS"],[360,364,"INGREDIENTS"],[376,391,"INGREDIENTS"],[423,428,"INGREDIENTS"]]}],["1 large egg;3/4 cup whole milk;1 cup shredded cheddar cheese;1/2 cup quick-cooking oats;1/2 cup chopped onion;1/2 teaspoon salt;1 pound ground beef;2/3 cup ketchup;1/2 cup packed brown sugar;1-1/2 teaspoons prepared mustard\r",{"entities":[[8,11,"INGREDIENTS"],[26,30,"INGREDIENTS"],[54,60,"INGREDIENTS"],[104,109,"INGREDIENTS"],[123,127,"INGREDIENTS"],[143,147,"INGREDIENTS"],[156,163,"INGREDIENTS"],[179,190,"INGREDIENTS"],[216,223,"INGREDIENTS"]]}],["3/4 pound Italian turkey sausage links, casings removed;1 medium onion, chopped;6 garlic cloves, minced;2 cans (14-1/2 ounces each) reduced-sodium chicken broth;1-3/4 cups water;1 can (14-1/2 ounces) diced tomatoes, undrained;1 package (9 ounces) refrigerated cheese tortellini;1 package (6 ounces) fresh baby spinach, coarsely chopped;2-1/4 teaspoons minced fresh basil or 3/4 teaspoon dried basil;1/4 teaspoon pepper;Dash crushed red pepper flakes;Shredded Parmesan cheese, optional\r",{"entities":[[25,32,"INGREDIENTS"],[65,70,"INGREDIENTS"],[82,88,"INGREDIENTS"],[147,154,"INGREDIENTS"],[172,177,"INGREDIENTS"],[206,214,"INGREDIENTS"],[260,266,"INGREDIENTS"],[310,317,"INGREDIENTS"],[412,418,"INGREDIENTS"],[432,442,"INGREDIENTS"],[468,474,"INGREDIENTS"]]}],["1/4 cup boiling water;1 package (0.3 ounce) sugar-free lime gelatin;2 cartons (6 ounces each) Key lime yogurt;1 carton (8 ounces) frozen fat-free whipped topping, thawed;1 reduced-fat graham cracker crust (9 inches)\r",{"entities":[[16,21,"INGREDIENTS"],[44,54,"INGREDIENTS"],[55,59,"INGREDIENTS"],[60,67,"INGREDIENTS"],[103,109,"INGREDIENTS"],[184,190,"INGREDIENTS"]]}],["2 pounds ground beef;6 cups water;1 can (28 ounces) tomato sauce;1 can (28 ounces) diced tomatoes, undrained;2 cups chopped green peppers;1/4 cup packed brown sugar;2 teaspoons salt;2 teaspoons beef bouillon granules;1 teaspoon pepper;2 cups cooked long grain rice;Chopped fresh parsley, optional\r",{"entities":[[16,20,"INGREDIENTS"],[28,33,"INGREDIENTS"],[52,58,"INGREDIENTS"],[89,97,"INGREDIENTS"],[124,137,"INGREDIENTS"],[153,164,"INGREDIENTS"],[177,181,"INGREDIENTS"],[194,198,"INGREDIENTS"],[228,234,"INGREDIENTS"],[260,264,"INGREDIENTS"],[279,286,"INGREDIENTS"]]}],["2 cups all-purpose flour;1 teaspoon salt;1 teaspoon baking powder;2 teaspoons baking soda;3/4 cup baking cocoa;2 cups sugar;1 cup canola oil;1 cup brewed coffee;1 cup whole milk;2 large eggs;1 teaspoon vanilla extract;favorite icing:;1 cup whole milk;5 tablespoons all-purpose flour;1/2 cup butter, softened;1/2 cup shortening;1 cup sugar;1 teaspoon vanilla extract\r",{"entities":[[19,24,"INGREDIENTS"],[36,40,"INGREDIENTS"],[59,65,"INGREDIENTS"],[85,89,"INGREDIENTS"],[105,110,"INGREDIENTS"],[118,123,"INGREDIENTS"],[130,140,"INGREDIENTS"],[154,160,"INGREDIENTS"],[173,177,"INGREDIENTS"],[186,190,"INGREDIENTS"],[202,217,"INGREDIENTS"],[227,232,"INGREDIENTS"],[246,250,"INGREDIENTS"],[277,282,"INGREDIENTS"],[291,297,"INGREDIENTS"],[316,326,"INGREDIENTS"],[333,338,"INGREDIENTS"],[350,365,"INGREDIENTS"]]}],["2 large eggs, lightly beaten;3/4 cup 2% milk;2/3 cup finely crushed saltines;1/2 cup chopped onion;1 teaspoon salt;1/2 teaspoon rubbed sage;Dash pepper;1-1/2 pounds lean ground beef (90% lean);1 cup ketchup;1/2 cup packed brown sugar;1 teaspoon Worcestershire sauce\r",{"entities":[[8,12,"INGREDIENTS"],[40,44,"INGREDIENTS"],[68,76,"INGREDIENTS"],[93,98,"INGREDIENTS"],[110,114,"INGREDIENTS"],[135,139,"INGREDIENTS"],[145,151,"INGREDIENTS"],[177,181,"INGREDIENTS"],[222,233,"INGREDIENTS"],[260,265,"INGREDIENTS"]]}],["1 package yellow cake mix (regular size);1 can (11 ounces) mandarin oranges, undrained;4 large egg whites;1/2 cup unsweetened applesauce;topping:;1 can (20 ounces) crushed pineapple, undrained;1 package (1 ounce) sugar-free instant vanilla pudding mix;1 carton (8 ounces) reduced-fat whipped topping\r",{"entities":[[17,21,"INGREDIENTS"],[68,75,"INGREDIENTS"],[95,98,"INGREDIENTS"],[172,181,"INGREDIENTS"],[213,223,"INGREDIENTS"],[232,239,"INGREDIENTS"]]}],["1 cup chopped onion;1 cup chopped green pepper;1 tablespoon butter;1 can (28 ounces) diced tomatoes, undrained;1 can (4 ounces) mushroom stems and pieces, drained;1 can (2-1/4 ounces) sliced ripe olives, drained;2 teaspoons dried oregano;1 pound ground beef, browned and drained, optional;12 ounces spaghetti, cooked and drained;2 cups shredded cheddar cheese;1 can (10-3/4 ounces) condensed cream of mushroom soup, undiluted;1/4 cup water;1/4 cup grated Parmesan cheese\r",{"entities":[[14,19,"INGREDIENTS"],[34,46,"INGREDIENTS"],[60,66,"INGREDIENTS"],[91,99,"INGREDIENTS"],[128,136,"INGREDIENTS"],[147,153,"INGREDIENTS"],[230,237,"INGREDIENTS"],[253,257,"INGREDIENTS"],[299,308,"INGREDIENTS"],[353,359,"INGREDIENTS"],[401,409,"INGREDIENTS"],[410,414,"INGREDIENTS"],[434,439,"INGREDIENTS"],[464,470,"INGREDIENTS"]]}],["2/3 cup butter, softened;1 cup sugar;3 large eggs, room temperature;1-2/3 cups 2% milk;2-1/3 cups all-purpose flour;1 cup cornmeal;4-1/2 teaspoons baking powder;1 teaspoon salt\r",{"entities":[[8,14,"INGREDIENTS"],[31,36,"INGREDIENTS"],[45,49,"INGREDIENTS"],[82,86,"INGREDIENTS"],[110,115,"INGREDIENTS"],[122,130,"INGREDIENTS"],[147,160,"INGREDIENTS"],[172,176,"INGREDIENTS"]]}],["1 cup butter, softened;3 cups packed brown sugar;4 large eggs, room temperature;2 teaspoons vanilla extract;2-2/3 cups all-purpose flour;3/4 cup baking cocoa;3 teaspoons baking soda;1/2 teaspoon salt;1-1/3 cups sour cream;1-1/3 cups boiling water;frosting:;1/2 cup butter, cubed;3 ounces unsweetened chocolate, chopped;3 ounces semisweet chocolate, chopped;5 cups confectioners' sugar;1 cup sour cream;2 teaspoons vanilla extract\r",{"entities":[[6,12,"INGREDIENTS"],[37,48,"INGREDIENTS"],[57,61,"INGREDIENTS"],[92,107,"INGREDIENTS"],[131,136,"INGREDIENTS"],[152,157,"INGREDIENTS"],[177,181,"INGREDIENTS"],[265,271,"INGREDIENTS"],[300,309,"INGREDIENTS"],[338,347,"INGREDIENTS"],[379,384,"INGREDIENTS"],[396,401,"INGREDIENTS"],[414,429,"INGREDIENTS"]]}],["4 boneless skinless chicken breast halves (1 pound);1/4 cup all-purpose flour;3 tablespoons butter, divided;1 cup sliced fresh mushrooms;1/2 cup chicken broth;1/4 teaspoon salt;1/8 teaspoon pepper;1/3 cup shredded part-skim mozzarella cheese;1/3 cup grated Parmesan cheese;1/4 cup sliced green onions\r",{"entities":[[20,27,"INGREDIENTS"],[72,77,"INGREDIENTS"],[92,98,"INGREDIENTS"],[127,136,"INGREDIENTS"],[145,152,"INGREDIENTS"],[172,176,"INGREDIENTS"],[190,196,"INGREDIENTS"],[235,241,"INGREDIENTS"],[266,272,"INGREDIENTS"],[288,300,"INGREDIENTS"]]}],["4 large eggs, room temperature;2 cups sugar;1 teaspoon vanilla extract;2-1/4 cups all-purpose flour;2-1/4 teaspoons baking powder;1-1/4 cups 2% milk;10 tablespoons butter, cubed\r",{"entities":[[8,12,"INGREDIENTS"],[38,43,"INGREDIENTS"],[55,70,"INGREDIENTS"],[94,99,"INGREDIENTS"],[116,129,"INGREDIENTS"],[144,148,"INGREDIENTS"],[164,170,"INGREDIENTS"]]}],["1 package (7 ounces) ring macaroni or ditalini;1 package (14 ounces) coleslaw mix;2 medium onions, finely chopped;2 celery ribs, finely chopped;1 medium cucumber, finely chopped;1 medium green pepper, finely chopped;1 can (8 ounces) whole water chestnuts, drained and chopped;dressing:;1-1/2 cups Miracle Whip Light;1/3 cup sugar;1/4 cup cider vinegar;1/2 teaspoon salt;1/4 teaspoon pepper\r",{"entities":[[26,34,"INGREDIENTS"],[38,46,"INGREDIENTS"],[69,77,"INGREDIENTS"],[91,97,"INGREDIENTS"],[116,127,"INGREDIENTS"],[153,161,"INGREDIENTS"],[187,199,"INGREDIENTS"],[239,244,"INGREDIENTS"],[245,254,"INGREDIENTS"],[297,304,"INGREDIENTS"],[324,329,"INGREDIENTS"],[344,351,"INGREDIENTS"],[365,369,"INGREDIENTS"],[383,389,"INGREDIENTS"]]}],["10 bacon strips, diced;1 large onion, chopped;1 cup diced carrots;3 tablespoons all-purpose flour;3 cups whole milk;1-1/2 cups water;2-1/2 cups cubed potatoes;1 can (15-1/4 ounces) whole kernel corn, drained;2 teaspoons chicken bouillon granules;Pepper to taste;3 cups shredded cheddar cheese;2 cups cubed fully cooked ham\r",{"entities":[[31,36,"INGREDIENTS"],[58,65,"INGREDIENTS"],[92,97,"INGREDIENTS"],[111,115,"INGREDIENTS"],[127,132,"INGREDIENTS"],[150,158,"INGREDIENTS"],[194,198,"INGREDIENTS"],[220,227,"INGREDIENTS"],[246,252,"INGREDIENTS"],[286,292,"INGREDIENTS"],[319,322,"INGREDIENTS"]]}],["1 cup all-purpose flour;3/4 cup rolled oats;1 cup packed brown sugar;1 teaspoon ground cinnamon;1/2 cup butter, softened;4 cups chopped peeled apples;1 cup sugar;2 tablespoons cornstarch;1 cup water;1 teaspoon vanilla extract;Vanilla ice cream, optional\r",{"entities":[[18,23,"INGREDIENTS"],[39,43,"INGREDIENTS"],[57,68,"INGREDIENTS"],[87,95,"INGREDIENTS"],[104,110,"INGREDIENTS"],[136,149,"INGREDIENTS"],[156,161,"INGREDIENTS"],[176,186,"INGREDIENTS"],[193,198,"INGREDIENTS"],[210,225,"INGREDIENTS"],[226,233,"INGREDIENTS"],[234,243,"INGREDIENTS"]]}],["1 can (14-1/2 ounces) diced tomatoes, undrained;1 can (14-1/2 ounces) beef or chicken broth;1 can (6 ounces) tomato paste;3 celery ribs, chopped;2 medium green peppers, chopped;1 medium onion, chopped;5 garlic cloves, minced;3 teaspoons dried parsley flakes;2 teaspoons dried basil;1-1/2 teaspoons dried oregano;1-1/4 teaspoons salt;1/2 teaspoon cayenne pepper;1/2 teaspoon hot pepper sauce;1 pound boneless skinless chicken breasts, cut into 1-inch cubes;1 pound smoked sausage, halved and cut into 1/4-inch slices;1/2 pound uncooked shrimp (31-40 per pound), peeled and deveined;Hot cooked rice\r",{"entities":[[28,36,"INGREDIENTS"],[70,74,"INGREDIENTS"],[78,85,"INGREDIENTS"],[109,115,"INGREDIENTS"],[116,121,"INGREDIENTS"],[124,130,"INGREDIENTS"],[131,135,"INGREDIENTS"],[154,167,"INGREDIENTS"],[186,191,"INGREDIENTS"],[203,209,"INGREDIENTS"],[304,311,"INGREDIENTS"],[328,332,"INGREDIENTS"],[354,360,"INGREDIENTS"],[374,384,"INGREDIENTS"],[399,407,"INGREDIENTS"],[417,424,"INGREDIENTS"],[425,432,"INGREDIENTS"],[471,478,"INGREDIENTS"],[509,515,"INGREDIENTS"],[535,541,"INGREDIENTS"],[592,596,"INGREDIENTS"]]}],["1-1/2 cups all-purpose flour;1 cup sugar;1 teaspoon baking soda;1/2 teaspoon salt;3 medium ripe bananas;1 large egg, room temperature;1/3 cup vegetable oil;1 teaspoon vanilla extract\r",{"entities":[[23,28,"INGREDIENTS"],[35,40,"INGREDIENTS"],[52,63,"INGREDIENTS"],[77,81,"INGREDIENTS"],[96,103,"INGREDIENTS"],[112,115,"INGREDIENTS"],[142,155,"INGREDIENTS"],[167,182,"INGREDIENTS"]]}],["1 green onion, finely chopped;2 tablespoons canola oil;2 tablespoons plus 1/2 cup butter, divided;1/2 cup chicken broth;1 bottle (8 ounces) clam juice;1 pound bay scallops;1 pound uncooked small shrimp, peeled and deveined;1 package (8 ounces) imitation crabmeat, chopped;1/4 teaspoon white pepper, divided;1/2 cup all-purpose flour;1-1/2 cups 2% milk;1/2 teaspoon salt;1 cup heavy whipping cream;1/2 cup shredded Parmesan cheese, divided;9 lasagna noodles, cooked and drained\r",{"entities":[[2,13,"INGREDIENTS"],[44,54,"INGREDIENTS"],[82,88,"INGREDIENTS"],[106,113,"INGREDIENTS"],[145,150,"INGREDIENTS"],[163,171,"INGREDIENTS"],[195,201,"INGREDIENTS"],[203,209,"INGREDIENTS"],[214,222,"INGREDIENTS"],[254,262,"INGREDIENTS"],[285,297,"INGREDIENTS"],[327,332,"INGREDIENTS"],[347,351,"INGREDIENTS"],[365,369,"INGREDIENTS"],[391,396,"INGREDIENTS"],[423,429,"INGREDIENTS"],[449,456,"INGREDIENTS"]]}],["1 package (8 ounces) cream cheese, softened;1 cup sour cream;1/3 cup sugar;2 teaspoons vanilla extract;2 pounds seedless red grapes;2 pounds seedless green grapes;3 tablespoons brown sugar;3 tablespoons chopped pecans\r",{"entities":[[21,33,"INGREDIENTS"],[50,60,"INGREDIENTS"],[69,74,"INGREDIENTS"],[87,102,"INGREDIENTS"],[125,131,"INGREDIENTS"],[150,162,"INGREDIENTS"],[177,188,"INGREDIENTS"],[211,217,"INGREDIENTS"]]}],["20 chocolate cream-filled chocolate sandwich cookies, divided;2 tablespoons butter, softened;1 package (8 ounces) cream cheese, softened;1/2 cup peanut butter;1-1/2 cups confectioners' sugar, divided;1 carton (16 ounces) frozen whipped topping, thawed, divided;15 miniature peanut butter cups, chopped;1 cup 2% milk;1 package (3.9 ounces) instant chocolate fudge pudding mix\r",{"entities":[[3,12,"INGREDIENTS"],[26,35,"INGREDIENTS"],[36,44,"INGREDIENTS"],[45,52,"INGREDIENTS"],[76,82,"INGREDIENTS"],[120,126,"INGREDIENTS"],[152,158,"INGREDIENTS"],[185,190,"INGREDIENTS"],[228,235,"INGREDIENTS"],[274,287,"INGREDIENTS"],[311,315,"INGREDIENTS"],[347,356,"INGREDIENTS"]]}],["2 boneless beef chuck roasts (2-1/2 pounds each);1 envelope ranch salad dressing mix;1 envelope Italian salad dressing mix;1 envelope brown gravy mix;1/2 cup water;Chopped fresh parsley, optional\r",{"entities":[[11,15,"INGREDIENTS"],[66,71,"INGREDIENTS"],[96,109,"INGREDIENTS"],[134,145,"INGREDIENTS"],[158,163,"INGREDIENTS"],[178,185,"INGREDIENTS"]]}],["1-2/3 cups all-purpose flour;1-1/2 cups sugar;1 teaspoon baking soda;1 teaspoon ground cinnamon;3/4 teaspoon salt;1/2 teaspoon baking powder;1/2 teaspoon ground nutmeg;1/4 teaspoon ground cloves;2 large eggs, room temperature;1 cup canned pumpkin;1/2 cup canola oil;1/2 cup water;1/2 cup chopped walnuts;1/2 cup raisins, optional\r",{"entities":[[23,28,"INGREDIENTS"],[40,45,"INGREDIENTS"],[57,68,"INGREDIENTS"],[87,95,"INGREDIENTS"],[109,113,"INGREDIENTS"],[127,140,"INGREDIENTS"],[161,167,"INGREDIENTS"],[188,194,"INGREDIENTS"],[203,207,"INGREDIENTS"],[232,246,"INGREDIENTS"],[255,265,"INGREDIENTS"],[274,279,"INGREDIENTS"],[288,303,"INGREDIENTS"],[312,319,"INGREDIENTS"]]}],["1 pound ground beef;1/2 cup chopped green pepper;1/2 cup chopped onion;2/3 cup water;1 envelope taco seasoning;1 can (15 ounces) black beans, rinsed and drained;1 can (14-1/2 ounces) Mexican diced tomatoes, undrained;6 flour tortillas (8 inches);1 can (16 ounces) refried beans;3 cups shredded Mexican cheese blend\r",{"entities":[[15,19,"INGREDIENTS"],[36,48,"INGREDIENTS"],[65,70,"INGREDIENTS"],[79,84,"INGREDIENTS"],[96,100,"INGREDIENTS"],[129,140,"INGREDIENTS"],[197,205,"INGREDIENTS"],[225,234,"INGREDIENTS"],[272,277,"INGREDIENTS"],[294,308,"INGREDIENTS"]]}],["1/2 cup butter, softened;2 cups sugar;3 large eggs, room temperature;1-1/2 cups mashed ripe bananas (about 3 medium);1 teaspoon vanilla extract;2 cups all-purpose flour;1 teaspoon baking soda;Dash salt;frosting:;1 package (8 ounces) cream cheese, softened;1/2 cup butter, softened;4 cups confectioners' sugar;2 teaspoons vanilla extract\r",{"entities":[[8,14,"INGREDIENTS"],[32,37,"INGREDIENTS"],[46,50,"INGREDIENTS"],[92,99,"INGREDIENTS"],[128,143,"INGREDIENTS"],[163,168,"INGREDIENTS"],[180,191,"INGREDIENTS"],[197,201,"INGREDIENTS"],[239,245,"INGREDIENTS"],[264,270,"INGREDIENTS"],[303,308,"INGREDIENTS"],[321,336,"INGREDIENTS"]]}],["3 to 4 garlic cloves, minced;1/4 cup butter, cubed;1/4 cup olive oil;1 pound uncooked shrimp (31-40 per pound), peeled and deveined;1/4 cup lemon juice;1/2 teaspoon pepper;1/4 teaspoon dried oregano;1/2 cup grated Parmesan cheese;1/4 cup dry bread crumbs;1/4 cup minced fresh parsley;Hot cooked angel hair pasta\r",{"entities":[[7,20,"INGREDIENTS"],[37,43,"INGREDIENTS"],[59,68,"INGREDIENTS"],[86,92,"INGREDIENTS"],[112,118,"INGREDIENTS"],[123,131,"INGREDIENTS"],[140,151,"INGREDIENTS"],[165,171,"INGREDIENTS"],[185,198,"INGREDIENTS"],[223,229,"INGREDIENTS"],[242,254,"INGREDIENTS"],[276,283,"INGREDIENTS"],[306,311,"INGREDIENTS"]]}],["2 cups all-purpose flour;1/4 cup sugar;1 cup cold butter;filling:;2 cups sugar;7 tablespoons all-purpose flour;1 cup heavy whipping cream;3 large eggs, room temperature, beaten;5 cups finely chopped fresh or frozen rhubarb, thawed and drained;topping:;6 ounces cream cheese, softened;1/2 cup sugar;1/2 teaspoon vanilla extract;1 cup heavy whipping cream, whipped\r",{"entities":[[19,24,"INGREDIENTS"],[33,38,"INGREDIENTS"],[50,56,"INGREDIENTS"],[73,78,"INGREDIENTS"],[105,110,"INGREDIENTS"],[132,137,"INGREDIENTS"],[146,150,"INGREDIENTS"],[215,222,"INGREDIENTS"],[261,266,"INGREDIENTS"],[267,273,"INGREDIENTS"],[292,297,"INGREDIENTS"],[311,326,"INGREDIENTS"],[348,353,"INGREDIENTS"]]}],["1 sheet refrigerated pie crust;1 package (8 ounces) cream cheese, softened;1/2 cup sugar;4 large eggs, room temperature;1 teaspoon vanilla extract;1-1/4 cups chopped pecans;1 jar (12-1/4 ounces) fat-free caramel ice cream topping;Additional fat-free caramel ice cream topping, optional\r",{"entities":[[52,64,"INGREDIENTS"],[97,101,"INGREDIENTS"],[131,146,"INGREDIENTS"],[158,172,"INGREDIENTS"],[204,221,"INGREDIENTS"],[258,267,"INGREDIENTS"]]}],["1 pound ground beef;1 medium onion, chopped;2 tablespoons all-purpose flour;1 tablespoon chili powder;1 teaspoon salt;1 teaspoon garlic powder;1/2 teaspoon ground cumin;1/4 teaspoon rubbed sage;1 can (14-1/2 ounces) stewed tomatoes, cut up;SAUCE:;1/3 cup butter;4 to 6 garlic cloves, minced;1/2 cup all-purpose flour;1 can (14-1/2 ounces) beef broth;1 can (15 ounces) tomato sauce;1 to 2 tablespoons chili powder;1 to 2 teaspoons ground cumin;1 to 2 teaspoons rubbed sage;1/2 teaspoon salt;10 flour tortillas (6 inches), warmed;2 cups shredded Colby-Monterey Jack cheese, divided;Optional toppings: Halved grape tomatoes, minced fresh cilantro, sliced jalapeno peppers, chopped or sliced red onion and cubed avocado\r",{"entities":[[15,19,"INGREDIENTS"],[29,34,"INGREDIENTS"],[70,75,"INGREDIENTS"],[89,101,"INGREDIENTS"],[113,117,"INGREDIENTS"],[129,142,"INGREDIENTS"],[163,168,"INGREDIENTS"],[189,193,"INGREDIENTS"],[223,231,"INGREDIENTS"],[240,245,"INGREDIENTS"],[255,261,"INGREDIENTS"],[269,282,"INGREDIENTS"],[284,290,"INGREDIENTS"],[311,316,"INGREDIENTS"],[339,343,"INGREDIENTS"],[368,380,"INGREDIENTS"],[400,412,"INGREDIENTS"],[437,442,"INGREDIENTS"],[467,471,"INGREDIENTS"],[485,489,"INGREDIENTS"],[493,498,"INGREDIENTS"],[499,508,"INGREDIENTS"],[564,570,"INGREDIENTS"],[612,620,"INGREDIENTS"],[635,643,"INGREDIENTS"],[661,668,"INGREDIENTS"],[688,697,"INGREDIENTS"],[702,715,"INGREDIENTS"]]}],["1/2 cup butter, softened;2 cups sugar;1/2 teaspoon vanilla extract;2 large eggs, room temperature;2 cups all-purpose flour;1-1/2 teaspoons ground cinnamon;1 teaspoon ground nutmeg;1/2 teaspoon salt;1/2 teaspoon baking soda;6 cups chopped peeled tart apples;butterscotch sauce:;1/2 cup packed brown sugar;1/4 cup butter, cubed;1/2 cup heavy whipping cream\r",{"entities":[[8,14,"INGREDIENTS"],[32,37,"INGREDIENTS"],[51,66,"INGREDIENTS"],[75,79,"INGREDIENTS"],[117,122,"INGREDIENTS"],[146,154,"INGREDIENTS"],[173,179,"INGREDIENTS"],[193,197,"INGREDIENTS"],[211,222,"INGREDIENTS"],[250,256,"INGREDIENTS"],[270,275,"INGREDIENTS"],[292,303,"INGREDIENTS"],[312,318,"INGREDIENTS"],[349,354,"INGREDIENTS"]]}],["1/2 cup butter, softened;1/2 cup sugar;2 large eggs, room temperature;1 cup sour cream;1 package (8-1/2 ounces) cornbread/muffin mix;1/2 cup 2% milk;1 can (15-1/4 ounces) whole kernel corn, drained;1 can (14-3/4 ounces) cream-style corn\r",{"entities":[[8,14,"INGREDIENTS"],[33,38,"INGREDIENTS"],[47,51,"INGREDIENTS"],[81,86,"INGREDIENTS"],[112,128,"INGREDIENTS"],[144,148,"INGREDIENTS"],[184,188,"INGREDIENTS"],[220,231,"INGREDIENTS"],[232,236,"INGREDIENTS"]]}],["2 tablespoons olive oil;1 medium onion, chopped;1 medium sweet yellow pepper, chopped;3 garlic cloves, minced;2 cans (15 ounces each) black beans, rinsed and drained;1 can (15 ounces) solid-pack pumpkin;1 can (14-1/2 ounces) diced tomatoes, undrained;3 cups chicken broth;2-1/2 cups cubed cooked turkey;2 teaspoons dried parsley flakes;2 teaspoons chili powder;1-1/2 teaspoons ground cumin;1-1/2 teaspoons dried oregano;1/2 teaspoon salt;Cubed avocado and thinly sliced green onions, optional\r",{"entities":[[14,23,"INGREDIENTS"],[33,38,"INGREDIENTS"],[63,76,"INGREDIENTS"],[88,101,"INGREDIENTS"],[134,145,"INGREDIENTS"],[195,202,"INGREDIENTS"],[231,239,"INGREDIENTS"],[258,265,"INGREDIENTS"],[296,302,"INGREDIENTS"],[321,328,"INGREDIENTS"],[329,335,"INGREDIENTS"],[348,360,"INGREDIENTS"],[412,419,"INGREDIENTS"],[433,437,"INGREDIENTS"],[470,482,"INGREDIENTS"]]}],["3 tablespoons butter;3 tablespoons all-purpose flour;1-1/2 teaspoons salt;1/8 teaspoon pepper;2 cups 2% milk;1 cup shredded cheddar cheese;5 cups thinly sliced peeled potatoes (about 6 medium);1/2 cup chopped onion;Additional pepper, optional\r",{"entities":[[14,20,"INGREDIENTS"],[47,52,"INGREDIENTS"],[69,73,"INGREDIENTS"],[87,93,"INGREDIENTS"],[104,108,"INGREDIENTS"],[115,138,"INGREDIENTS"],[167,175,"INGREDIENTS"],[209,214,"INGREDIENTS"],[226,232,"INGREDIENTS"]]}],["1/2 cup all-purpose flour;1/2 cup egg substitute or 2 large eggs, beaten;4 boneless skinless chicken breast halves (4 ounces each);1/4 cup grated Parmesan cheese;1/4 cup dry bread crumbs;1 tablespoon butter, melted;2 large tomatoes, seeded and chopped;3 tablespoons minced fresh basil;1 tablespoon olive oil;2 garlic cloves, minced;1/2 teaspoon salt;1/4 teaspoon pepper\r",{"entities":[[20,25,"INGREDIENTS"],[34,37,"INGREDIENTS"],[60,64,"INGREDIENTS"],[93,100,"INGREDIENTS"],[101,107,"INGREDIENTS"],[155,161,"INGREDIENTS"],[174,179,"INGREDIENTS"],[200,206,"INGREDIENTS"],[223,231,"INGREDIENTS"],[279,284,"INGREDIENTS"],[298,307,"INGREDIENTS"],[310,323,"INGREDIENTS"],[363,369,"INGREDIENTS"]]}],["6 bacon strips, diced;3 cups cubed peeled potatoes;1 small carrot, grated;1/2 cup chopped onion;1 tablespoon dried parsley flakes;1/2 teaspoon salt;1/2 teaspoon pepper;1/2 teaspoon celery seed;1 can (14-1/2 ounces) chicken broth;3 tablespoons all-purpose flour;3 cups 2% milk;8 ounces Velveeta, cubed;2 green onions, thinly sliced, optional\r",{"entities":[[8,14,"INGREDIENTS"],[42,50,"INGREDIENTS"],[59,65,"INGREDIENTS"],[90,95,"INGREDIENTS"],[115,129,"INGREDIENTS"],[143,147,"INGREDIENTS"],[161,167,"INGREDIENTS"],[188,192,"INGREDIENTS"],[215,222,"INGREDIENTS"],[255,260,"INGREDIENTS"],[271,275,"INGREDIENTS"],[285,293,"INGREDIENTS"],[303,315,"INGREDIENTS"]]}],["2 cups gluten-free all-purpose baking flour;1 teaspoon baking soda;1/4 teaspoon salt;4 large eggs, room temperature;2 cups mashed ripe bananas (4-5 medium);1 cup sugar;1/2 cup unsweetened applesauce;1/3 cup canola oil;1 teaspoon vanilla extract;1/2 cup chopped walnuts\r",{"entities":[[38,43,"INGREDIENTS"],[62,66,"INGREDIENTS"],[80,84,"INGREDIENTS"],[93,97,"INGREDIENTS"],[135,142,"INGREDIENTS"],[162,167,"INGREDIENTS"],[207,217,"INGREDIENTS"],[229,244,"INGREDIENTS"],[261,268,"INGREDIENTS"]]}],["1 cup packed brown sugar;3/4 cup ketchup;3/4 cup reduced-sodium soy sauce;1/3 cup sherry or chicken broth;2-1/2 teaspoons minced fresh gingerroot;1-1/2 teaspoons minced garlic;24 boneless skinless chicken thighs (about 6 pounds)\r",{"entities":[[13,24,"INGREDIENTS"],[33,40,"INGREDIENTS"],[49,63,"INGREDIENTS"],[68,73,"INGREDIENTS"],[92,99,"INGREDIENTS"],[135,145,"INGREDIENTS"],[169,175,"INGREDIENTS"],[179,187,"INGREDIENTS"],[197,204,"INGREDIENTS"]]}],["1 cup all-purpose flour;1 tablespoon sugar;2 teaspoons baking powder;1/2 teaspoon salt;1 large egg, room temperature;3/4 cup 2% milk;1/4 cup shortening or butter, melted\r",{"entities":[[18,23,"INGREDIENTS"],[37,42,"INGREDIENTS"],[55,68,"INGREDIENTS"],[82,86,"INGREDIENTS"],[95,98,"INGREDIENTS"],[128,132,"INGREDIENTS"],[155,161,"INGREDIENTS"]]}],["5 teaspoons olive oil;5 bone-in chicken thighs (about 1-3/4 pounds), skin removed;1/3 cup water;1/4 cup packed brown sugar;2 tablespoons orange juice;2 tablespoons reduced-sodium soy sauce;2 tablespoons ketchup;1 tablespoon white vinegar;4 garlic cloves, minced;1/2 teaspoon crushed red pepper flakes;1/4 teaspoon Chinese five-spice powder;2 teaspoons cornstarch;2 tablespoons cold water;Sliced green onions;Hot cooked rice, optional\r",{"entities":[[12,21,"INGREDIENTS"],[32,39,"INGREDIENTS"],[90,95,"INGREDIENTS"],[111,122,"INGREDIENTS"],[137,149,"INGREDIENTS"],[183,188,"INGREDIENTS"],[203,210,"INGREDIENTS"],[224,237,"INGREDIENTS"],[240,253,"INGREDIENTS"],[283,293,"INGREDIENTS"],[314,321,"INGREDIENTS"],[322,332,"INGREDIENTS"],[333,339,"INGREDIENTS"],[352,362,"INGREDIENTS"],[377,387,"INGREDIENTS"],[395,407,"INGREDIENTS"],[419,423,"INGREDIENTS"]]}],["4 large eggs, room temperature;1-2/3 cups sugar;1 cup canola oil;1 can (15 ounces) pumpkin;2 cups all-purpose flour;2 teaspoons ground cinnamon;2 teaspoons baking powder;1 teaspoon baking soda;1 teaspoon salt;icing:;6 ounces cream cheese, softened;2 cups confectioners' sugar;1/4 cup butter, softened;1 teaspoon vanilla extract;1 to 2 tablespoons 2% milk\r",{"entities":[[8,12,"INGREDIENTS"],[42,47,"INGREDIENTS"],[54,64,"INGREDIENTS"],[83,90,"INGREDIENTS"],[110,115,"INGREDIENTS"],[135,143,"INGREDIENTS"],[156,169,"INGREDIENTS"],[181,192,"INGREDIENTS"],[204,208,"INGREDIENTS"],[225,237,"INGREDIENTS"],[255,268,"INGREDIENTS"],[270,275,"INGREDIENTS"],[284,290,"INGREDIENTS"],[312,327,"INGREDIENTS"],[350,354,"INGREDIENTS"]]}],["6 medium potatoes, peeled and cubed;1 small carrot, grated;1 small onion, chopped;1/2 cup chopped green pepper;2 tablespoons chopped seeded jalapeno pepper;3 cups water;2 tablespoons plus 2 teaspoons beef bouillon granules;2 garlic cloves, minced;1/8 teaspoon pepper;2 pounds ground beef;1/2 pound sliced fresh mushrooms;2 tablespoons butter;5 cups 2% milk, divided;6 tablespoons all-purpose flour;1 package (16 ounces) Velveeta, cubed;Crumbled cooked bacon\r",{"entities":[[9,17,"INGREDIENTS"],[44,50,"INGREDIENTS"],[67,72,"INGREDIENTS"],[98,110,"INGREDIENTS"],[140,155,"INGREDIENTS"],[163,168,"INGREDIENTS"],[200,204,"INGREDIENTS"],[225,238,"INGREDIENTS"],[260,266,"INGREDIENTS"],[283,287,"INGREDIENTS"],[311,320,"INGREDIENTS"],[335,341,"INGREDIENTS"],[352,356,"INGREDIENTS"],[392,397,"INGREDIENTS"],[420,428,"INGREDIENTS"],[452,457,"INGREDIENTS"]]}],["3/4 cup butter, softened;1 package (8 ounces) cream cheese, softened;2 cups sugar;2 large eggs, room temperature;1-1/2 cups mashed ripe bananas (about 4 medium);1/2 teaspoon vanilla extract;3 cups all-purpose flour;1/2 teaspoon baking powder;1/2 teaspoon baking soda;1/2 teaspoon salt;2 cups chopped pecans, divided;orange glaze:;1 cup confectioners' sugar;3 tablespoons orange juice;1 teaspoon grated orange zest\r",{"entities":[[8,14,"INGREDIENTS"],[46,58,"INGREDIENTS"],[76,81,"INGREDIENTS"],[90,94,"INGREDIENTS"],[136,143,"INGREDIENTS"],[174,189,"INGREDIENTS"],[209,214,"INGREDIENTS"],[228,234,"INGREDIENTS"],[235,241,"INGREDIENTS"],[255,261,"INGREDIENTS"],[280,284,"INGREDIENTS"],[300,306,"INGREDIENTS"],[316,322,"INGREDIENTS"],[323,328,"INGREDIENTS"],[336,349,"INGREDIENTS"],[351,356,"INGREDIENTS"],[371,377,"INGREDIENTS"],[378,383,"INGREDIENTS"],[402,408,"INGREDIENTS"],[409,413,"INGREDIENTS"]]}],["1-1/4 cups graham cracker crumbs;1/4 cup sugar;1/4 cup Oreo cookie crumbs;6 tablespoons butter, melted;3/4 cup creamy peanut butter;filling:;3 packages (8 ounces each) cream cheese, softened;1 cup sugar;1 cup sour cream;1-1/2 teaspoons vanilla extract;3 large eggs, room temperature, lightly beaten;1 cup hot fudge ice cream topping, divided;6 peanut butter cups, cut into small wedges\r",{"entities":[[41,46,"INGREDIENTS"],[55,66,"INGREDIENTS"],[88,94,"INGREDIENTS"],[118,131,"INGREDIENTS"],[168,173,"INGREDIENTS"],[174,180,"INGREDIENTS"],[197,202,"INGREDIENTS"],[209,213,"INGREDIENTS"],[214,219,"INGREDIENTS"],[236,251,"INGREDIENTS"],[260,264,"INGREDIENTS"],[315,324,"INGREDIENTS"],[344,350,"INGREDIENTS"],[351,357,"INGREDIENTS"]]}],["2 cups all-purpose flour;1 cup packed brown sugar;1/2 cup quick-cooking oats;3/4 cup butter, melted;filling:;2/3 cup sugar;3 tablespoons cornstarch;1-1/4 cups cold water;4 cups chopped peeled tart apples (about 2 large);1 teaspoon vanilla extract;Optional: Vanilla ice cream and caramel sundae syrup\r",{"entities":[[19,24,"INGREDIENTS"],[38,49,"INGREDIENTS"],[58,76,"INGREDIENTS"],[85,91,"INGREDIENTS"],[117,122,"INGREDIENTS"],[137,147,"INGREDIENTS"],[164,169,"INGREDIENTS"],[197,203,"INGREDIENTS"],[231,238,"INGREDIENTS"],[257,264,"INGREDIENTS"],[265,274,"INGREDIENTS"],[279,293,"INGREDIENTS"]]}],["4 boneless skinless chicken breast halves (6 ounces each);1/4 teaspoon salt;1/4 teaspoon lemon-pepper seasoning;1 tablespoon canola oil;8 bacon strips;1 medium onion, sliced;1/4 cup packed brown sugar;1/2 cup shredded Colby-Monterey Jack cheese\r",{"entities":[[20,27,"INGREDIENTS"],[28,34,"INGREDIENTS"],[71,75,"INGREDIENTS"],[89,101,"INGREDIENTS"],[125,131,"INGREDIENTS"],[132,135,"INGREDIENTS"],[144,150,"INGREDIENTS"],[160,165,"INGREDIENTS"],[189,200,"INGREDIENTS"],[218,232,"INGREDIENTS"],[238,244,"INGREDIENTS"]]}],["1/3 cup butter, melted;1 cup sugar;3 tablespoons lemon juice;2 large eggs, room temperature;1-1/2 cups all-purpose flour;1 teaspoon baking powder;1/2 teaspoon salt;1/2 cup 2% milk;1 cup fresh or frozen blueberries;1/2 cup chopped nuts;2 tablespoons grated lemon zest;glaze:;2 tablespoons lemon juice;1/4 cup sugar\r",{"entities":[[8,14,"INGREDIENTS"],[29,34,"INGREDIENTS"],[49,60,"INGREDIENTS"],[69,73,"INGREDIENTS"],[115,120,"INGREDIENTS"],[132,145,"INGREDIENTS"],[159,163,"INGREDIENTS"],[175,179,"INGREDIENTS"],[202,213,"INGREDIENTS"],[222,234,"INGREDIENTS"],[256,266,"INGREDIENTS"],[288,299,"INGREDIENTS"],[308,313,"INGREDIENTS"]]}],["1 pound ground beef;1 large onion, chopped;2 garlic cloves, minced;1 can (29 ounces) tomato sauce;1 cup water;1 can (6 ounces) tomato paste;1 teaspoon salt;1 teaspoon dried oregano;1 package (8 ounces) no-cook lasagna noodles;4 cups shredded part-skim mozzarella cheese;1-1/2 cups 4% cottage cheese;1/2 cup grated Parmesan cheese\r",{"entities":[[15,19,"INGREDIENTS"],[28,33,"INGREDIENTS"],[45,58,"INGREDIENTS"],[85,91,"INGREDIENTS"],[92,97,"INGREDIENTS"],[127,133,"INGREDIENTS"],[134,139,"INGREDIENTS"],[151,155,"INGREDIENTS"],[173,180,"INGREDIENTS"],[218,225,"INGREDIENTS"],[252,262,"INGREDIENTS"],[263,269,"INGREDIENTS"],[284,291,"INGREDIENTS"],[292,298,"INGREDIENTS"],[314,322,"INGREDIENTS"]]}],["6 ounces uncooked linguine;2 tablespoons butter;1 tablespoon olive oil;2 medium zucchini, thinly sliced;1/2 pound fresh mushrooms, sliced;1 large tomato, chopped;2 green onions, chopped;1 garlic clove, minced;1/2 teaspoon salt;1/4 teaspoon pepper;1 cup shredded provolone cheese;3 tablespoons shredded Parmesan cheese;2 teaspoons minced fresh basil\r",{"entities":[[18,26,"INGREDIENTS"],[41,47,"INGREDIENTS"],[61,70,"INGREDIENTS"],[80,88,"INGREDIENTS"],[114,129,"INGREDIENTS"],[146,152,"INGREDIENTS"],[164,176,"INGREDIENTS"],[188,200,"INGREDIENTS"],[222,226,"INGREDIENTS"],[240,246,"INGREDIENTS"],[272,278,"INGREDIENTS"],[293,317,"INGREDIENTS"],[343,348,"INGREDIENTS"]]}],["3 tablespoons butter;3 tablespoons all-purpose flour;1-1/2 teaspoons salt;1/4 teaspoon pepper;1 can (14-1/2 ounces) chicken broth;6 pork rib or loin chops (3/4 inch thick);2 tablespoons canola oil;Additional salt and pepper, optional;6 cups thinly sliced peeled potatoes;1 medium onion, sliced;Paprika and minced fresh parsley, optional\r",{"entities":[[14,20,"INGREDIENTS"],[47,52,"INGREDIENTS"],[69,73,"INGREDIENTS"],[87,93,"INGREDIENTS"],[116,123,"INGREDIENTS"],[132,136,"INGREDIENTS"],[144,148,"INGREDIENTS"],[186,196,"INGREDIENTS"],[208,212,"INGREDIENTS"],[217,223,"INGREDIENTS"],[262,270,"INGREDIENTS"],[280,285,"INGREDIENTS"],[294,301,"INGREDIENTS"],[319,326,"INGREDIENTS"]]}],["3 celery ribs, chopped;2 medium carrots, sliced;3 cans (14-1/2 ounces each) reduced-sodium chicken broth;3 cups cubed cooked chicken breast;1/2 teaspoon poultry seasoning;1/8 teaspoon pepper;1-2/3 cups reduced-fat biscuit/baking mix;2/3 cup fat-free milk\r",{"entities":[[9,13,"INGREDIENTS"],[32,39,"INGREDIENTS"],[91,98,"INGREDIENTS"],[125,139,"INGREDIENTS"],[153,160,"INGREDIENTS"],[184,190,"INGREDIENTS"],[214,228,"INGREDIENTS"],[250,254,"INGREDIENTS"]]}],["3/4 cup butter, softened;1 cup sugar;1 large egg, room temperature;1/4 cup molasses;2-1/4 cups all-purpose flour;2 teaspoons ground ginger;1 teaspoon baking soda;3/4 teaspoon ground cinnamon;1/2 teaspoon ground cloves;1/4 teaspoon salt;Additional sugar\r",{"entities":[[8,14,"INGREDIENTS"],[31,36,"INGREDIENTS"],[45,48,"INGREDIENTS"],[75,83,"INGREDIENTS"],[107,112,"INGREDIENTS"],[132,138,"INGREDIENTS"],[150,161,"INGREDIENTS"],[182,190,"INGREDIENTS"],[211,217,"INGREDIENTS"],[231,235,"INGREDIENTS"],[247,252,"INGREDIENTS"]]}],["1 package (14 ounces) coleslaw mix;3/4 cup mayonnaise;1/3 cup sour cream;1/4 cup sugar;3/4 teaspoon seasoned salt;1/2 teaspoon ground mustard;1/4 teaspoon celery salt\r",{"entities":[[22,30,"INGREDIENTS"],[43,53,"INGREDIENTS"],[62,72,"INGREDIENTS"],[100,113,"INGREDIENTS"],[134,141,"INGREDIENTS"],[155,166,"INGREDIENTS"]]}],["2 teaspoons butter;1 cup milk chocolate chips;1/4 cup butterscotch chips;1/4 cup creamy peanut butter;filling:;1/4 cup butter;1 cup sugar;1/4 cup evaporated milk;1-1/2 cups marshmallow creme;1/4 cup creamy peanut butter;1 teaspoon vanilla extract;1-1/2 cups chopped salted peanuts;caramel layer:;1 package (14 ounces) caramels;1/4 cup heavy whipping cream;icing:;1 cup (6 ounces) milk chocolate chips;1/4 cup butterscotch chips;1/4 cup creamy peanut butter\r",{"entities":[[12,18,"INGREDIENTS"],[25,39,"INGREDIENTS"],[40,45,"INGREDIENTS"],[54,66,"INGREDIENTS"],[67,72,"INGREDIENTS"],[81,87,"INGREDIENTS"],[88,101,"INGREDIENTS"],[119,125,"INGREDIENTS"],[132,137,"INGREDIENTS"],[157,161,"INGREDIENTS"],[173,184,"INGREDIENTS"],[199,205,"INGREDIENTS"],[206,212,"INGREDIENTS"],[213,219,"INGREDIENTS"],[231,238,"INGREDIENTS"],[266,272,"INGREDIENTS"],[273,280,"INGREDIENTS"],[281,288,"INGREDIENTS"],[318,326,"INGREDIENTS"],[350,355,"INGREDIENTS"],[356,361,"INGREDIENTS"],[385,400,"INGREDIENTS"],[409,427,"INGREDIENTS"],[436,442,"INGREDIENTS"],[443,456,"INGREDIENTS"]]}],["2 quarts chicken broth;1/2 pound fresh mushrooms, chopped;1 cup finely chopped celery;1 cup shredded carrots;1/2 cup finely chopped onion;1 teaspoon chicken bouillon granules;1 teaspoon dried parsley flakes;1/4 teaspoon garlic powder;1/4 teaspoon dried thyme;1/4 cup butter, cubed;1/4 cup all-purpose flour;1 can (10-3/4 ounces) condensed cream of mushroom soup, undiluted;1/2 cup dry white wine or additional chicken broth;3 cups cooked wild rice;2 cups cubed cooked chicken\r",{"entities":[[9,16,"INGREDIENTS"],[39,48,"INGREDIENTS"],[79,85,"INGREDIENTS"],[101,108,"INGREDIENTS"],[132,137,"INGREDIENTS"],[149,156,"INGREDIENTS"],[157,165,"INGREDIENTS"],[166,174,"INGREDIENTS"],[192,199,"INGREDIENTS"],[200,206,"INGREDIENTS"],[220,226,"INGREDIENTS"],[227,233,"INGREDIENTS"],[247,252,"INGREDIENTS"],[253,258,"INGREDIENTS"],[267,273,"INGREDIENTS"],[301,306,"INGREDIENTS"],[339,344,"INGREDIENTS"],[348,361,"INGREDIENTS"],[391,395,"INGREDIENTS"],[410,417,"INGREDIENTS"],[438,447,"INGREDIENTS"],[468,475,"INGREDIENTS"]]}],["1 cup Guinness (dark beer);1/2 cup butter, cubed;2 cups sugar;3/4 cup baking cocoa;2 large eggs, room temperature, beaten;2/3 cup sour cream;3 teaspoons vanilla extract;2 cups all-purpose flour;1-1/2 teaspoons baking soda;topping:;1 package (8 ounces) cream cheese, softened;1-1/2 cups confectioners' sugar;1/2 cup heavy whipping cream\r",{"entities":[[6,14,"INGREDIENTS"],[21,25,"INGREDIENTS"],[35,41,"INGREDIENTS"],[56,61,"INGREDIENTS"],[70,76,"INGREDIENTS"],[77,82,"INGREDIENTS"],[91,95,"INGREDIENTS"],[130,140,"INGREDIENTS"],[153,168,"INGREDIENTS"],[188,193,"INGREDIENTS"],[210,221,"INGREDIENTS"],[252,264,"INGREDIENTS"],[301,306,"INGREDIENTS"],[321,335,"INGREDIENTS"]]}],["3/4 pound boneless skinless chicken breasts, cut into 1-1/4-inch pieces;1/4 teaspoon salt;1/4 teaspoon pepper;2 tablespoons olive oil, divided;1 medium onion, chopped;1 jalapeno pepper, seeded and chopped;4 garlic cloves, minced;2 teaspoons dried oregano;1 teaspoon ground cumin;2 cans (15 ounces each) cannellini beans, rinsed and drained, divided;2-1/2 cups chicken broth, divided;1-1/2 cups shredded cheddar cheese;Optional toppings: Sliced avocado, quartered cherry tomatoes and chopped cilantro\r",{"entities":[[10,18,"INGREDIENTS"],[28,43,"INGREDIENTS"],[65,71,"INGREDIENTS"],[85,89,"INGREDIENTS"],[103,109,"INGREDIENTS"],[124,133,"INGREDIENTS"],[152,157,"INGREDIENTS"],[178,184,"INGREDIENTS"],[214,220,"INGREDIENTS"],[247,254,"INGREDIENTS"],[273,278,"INGREDIENTS"],[314,319,"INGREDIENTS"],[360,367,"INGREDIENTS"],[394,417,"INGREDIENTS"],[470,478,"INGREDIENTS"],[491,499,"INGREDIENTS"]]}],["1 can (10 ounces) enchilada sauce, divided;4 ounces cream cheese, cubed;1-1/2 cups salsa;2 cups cubed cooked chicken;1 can (15 ounces) pinto beans, rinsed and drained;1 can (4 ounces) chopped green chiles;10 flour tortillas (6 inches);1 cup shredded Mexican cheese blend;Optional: Shredded lettuce, chopped tomato, sour cream and sliced ripe olives\r",{"entities":[[28,33,"INGREDIENTS"],[52,64,"INGREDIENTS"],[102,108,"INGREDIENTS"],[109,116,"INGREDIENTS"],[141,146,"INGREDIENTS"],[192,204,"INGREDIENTS"],[208,223,"INGREDIENTS"],[250,264,"INGREDIENTS"],[290,297,"INGREDIENTS"],[307,313,"INGREDIENTS"],[315,325,"INGREDIENTS"],[342,348,"INGREDIENTS"]]}],["1/2 cup butter, softened;1-1/2 cups sugar;2 large eggs, room temperature;1 cup sour cream;1 teaspoon vanilla extract;2 cups all-purpose flour;1 teaspoon baking soda;1/4 teaspoon salt;2 medium ripe bananas, mashed (about 1 cup);frosting:;1 package (8 ounces) cream cheese, softened;1/2 cup butter, softened;2 teaspoons vanilla extract;3-3/4 to 4 cups confectioners' sugar\r",{"entities":[[8,14,"INGREDIENTS"],[36,41,"INGREDIENTS"],[50,54,"INGREDIENTS"],[84,89,"INGREDIENTS"],[101,116,"INGREDIENTS"],[136,141,"INGREDIENTS"],[153,164,"INGREDIENTS"],[178,182,"INGREDIENTS"],[197,204,"INGREDIENTS"],[258,270,"INGREDIENTS"],[289,295,"INGREDIENTS"],[318,333,"INGREDIENTS"],[350,363,"INGREDIENTS"],[365,370,"INGREDIENTS"]]}],["12 slices day-old white bread, crusts removed;2 packages (8 ounces each) cream cheese;1 cup fresh or frozen blueberries;12 large eggs, lightly beaten;2 cups 2% milk;1/3 cup maple syrup or honey;sauce:;1 cup sugar;1 cup water;2 tablespoons cornstarch;1 cup fresh or frozen blueberries;1 tablespoon butter\r",{"entities":[[24,29,"INGREDIENTS"],[79,85,"INGREDIENTS"],[108,119,"INGREDIENTS"],[129,133,"INGREDIENTS"],[160,164,"INGREDIENTS"],[179,184,"INGREDIENTS"],[194,199,"INGREDIENTS"],[207,212,"INGREDIENTS"],[219,224,"INGREDIENTS"],[239,249,"INGREDIENTS"],[272,283,"INGREDIENTS"],[297,303,"INGREDIENTS"]]}],["4 center-cut bacon strips;2 celery ribs, chopped;1 large onion, chopped;1 garlic clove, minced;3 small potatoes, peeled and cubed;1 cup water;1 bottle (8 ounces) clam juice;3 teaspoons reduced-sodium chicken bouillon granules;1/4 teaspoon white pepper;1/4 teaspoon dried thyme;1/3 cup all-purpose flour;2 cups fat-free half-and-half, divided;2 cans (6-1/2 ounces each) chopped clams, undrained\r",{"entities":[[19,25,"INGREDIENTS"],[28,39,"INGREDIENTS"],[57,62,"INGREDIENTS"],[74,80,"INGREDIENTS"],[81,86,"INGREDIENTS"],[88,94,"INGREDIENTS"],[103,111,"INGREDIENTS"],[124,129,"INGREDIENTS"],[136,141,"INGREDIENTS"],[167,172,"INGREDIENTS"],[185,199,"INGREDIENTS"],[200,207,"INGREDIENTS"],[217,225,"INGREDIENTS"],[245,251,"INGREDIENTS"],[265,270,"INGREDIENTS"],[271,276,"INGREDIENTS"],[297,302,"INGREDIENTS"],[319,332,"INGREDIENTS"],[377,382,"INGREDIENTS"]]}],["1 package (9 ounces) yellow cake mix;1-1/2 cups cold fat-free milk;1 package (1 ounce) sugar-free instant vanilla pudding mix;1 package (8 ounces) reduced-fat cream cheese;1 can (20 ounces) unsweetened crushed pineapple, well drained;1 carton (8 ounces) frozen reduced-fat whipped topping, thawed;1/4 cup chopped walnuts, toasted;20 maraschino cherries, well drained\r",{"entities":[[21,32,"INGREDIENTS"],[53,61,"INGREDIENTS"],[62,66,"INGREDIENTS"],[87,97,"INGREDIENTS"],[106,113,"INGREDIENTS"],[122,125,"INGREDIENTS"],[159,171,"INGREDIENTS"],[202,209,"INGREDIENTS"],[210,219,"INGREDIENTS"],[246,252,"INGREDIENTS"],[254,260,"INGREDIENTS"],[273,280,"INGREDIENTS"],[313,320,"INGREDIENTS"],[333,343,"INGREDIENTS"],[344,352,"INGREDIENTS"]]}],["4 tilapia fillets (6 ounces each);3 tablespoons butter, melted;3 tablespoons lemon juice;1-1/2 teaspoons garlic powder;1/8 teaspoon salt;2 tablespoons capers, drained;1/2 teaspoon dried oregano;1/8 teaspoon paprika\r",{"entities":[[2,9,"INGREDIENTS"],[10,17,"INGREDIENTS"],[21,27,"INGREDIENTS"],[48,54,"INGREDIENTS"],[77,88,"INGREDIENTS"],[105,118,"INGREDIENTS"],[132,136,"INGREDIENTS"],[186,193,"INGREDIENTS"],[207,214,"INGREDIENTS"]]}],["1 package chocolate cake mix (regular size);1 package (3.9 ounces) instant chocolate pudding mix;4 large eggs;1 cup sour cream;3/4 cup water;1/4 cup canola oil;4 ounces semisweet chocolate, melted;frosting:;2 cups butter, softened;4 cups confectioners' sugar;3/4 cup baking cocoa;1/2 cup 2% milk;garnishes:;4 ounces semisweet chocolate, chopped;1/2 cup heavy whipping cream;1 pound fresh strawberries, hulled;Seedless strawberry jam, warmed, optional\r",{"entities":[[10,24,"INGREDIENTS"],[75,84,"INGREDIENTS"],[99,109,"INGREDIENTS"],[116,126,"INGREDIENTS"],[149,159,"INGREDIENTS"],[169,178,"INGREDIENTS"],[179,188,"INGREDIENTS"],[197,205,"INGREDIENTS"],[214,220,"INGREDIENTS"],[238,251,"INGREDIENTS"],[253,258,"INGREDIENTS"],[267,273,"INGREDIENTS"],[274,279,"INGREDIENTS"],[291,295,"INGREDIENTS"],[296,305,"INGREDIENTS"],[316,325,"INGREDIENTS"],[326,335,"INGREDIENTS"],[368,373,"INGREDIENTS"],[388,400,"INGREDIENTS"],[418,432,"INGREDIENTS"]]}],["1 cup butter, softened;2 cups sugar;1 teaspoon salt;4 large eggs, room temperature;1 teaspoon vanilla extract;1/4 teaspoon almond extract;3 cups all-purpose flour;2 cans (21 ounces each) cherry pie filling;glaze:;1 cup confectioners' sugar;1/2 teaspoon vanilla extract;1/2 teaspoon almond extract;2 to 3 tablespoons 2% milk\r",{"entities":[[6,12,"INGREDIENTS"],[30,35,"INGREDIENTS"],[47,51,"INGREDIENTS"],[60,64,"INGREDIENTS"],[71,82,"INGREDIENTS"],[94,109,"INGREDIENTS"],[123,129,"INGREDIENTS"],[157,162,"INGREDIENTS"],[187,193,"INGREDIENTS"],[194,197,"INGREDIENTS"],[206,211,"INGREDIENTS"],[234,239,"INGREDIENTS"],[253,260,"INGREDIENTS"],[261,268,"INGREDIENTS"],[282,288,"INGREDIENTS"],[319,323,"INGREDIENTS"]]}],["2 cups uncooked elbow macaroni;1/2 cup butter, cubed;1/2 cup all-purpose flour;1-1/2 to 2 cups 2% milk;1 cup sour cream;8 ounces cubed Velveeta;1/4 cup grated Parmesan cheese;1/2 teaspoon salt;1/2 teaspoon ground mustard;1/2 teaspoon pepper;2 cups shredded cheddar cheese\r",{"entities":[[7,15,"INGREDIENTS"],[16,21,"INGREDIENTS"],[22,30,"INGREDIENTS"],[39,45,"INGREDIENTS"],[73,78,"INGREDIENTS"],[98,102,"INGREDIENTS"],[109,113,"INGREDIENTS"],[114,119,"INGREDIENTS"],[135,143,"INGREDIENTS"],[159,174,"INGREDIENTS"],[188,192,"INGREDIENTS"],[206,220,"INGREDIENTS"],[234,240,"INGREDIENTS"],[248,271,"INGREDIENTS"]]}],["1 cup butter, softened;3/4 cup sugar;3/4 cup packed brown sugar;2 large eggs;1 teaspoon vanilla extract;3 cups quick-cooking oats;1-1/2 cups all-purpose flour;1 package (3.4 ounces) instant vanilla pudding mix;1 teaspoon baking soda;1 teaspoon salt;2 cups semisweet chocolate chips;1 cup chopped nuts\r",{"entities":[[6,12,"INGREDIENTS"],[31,36,"INGREDIENTS"],[52,63,"INGREDIENTS"],[72,76,"INGREDIENTS"],[88,103,"INGREDIENTS"],[111,129,"INGREDIENTS"],[153,158,"INGREDIENTS"],[190,205,"INGREDIENTS"],[221,232,"INGREDIENTS"],[244,248,"INGREDIENTS"],[266,281,"INGREDIENTS"],[296,300,"INGREDIENTS"]]}],["1 cup creamy peanut butter, divided;1/2 cup confectioners' sugar;4-1/2 teaspoons butter, softened;1/2 teaspoon salt;2 cups semisweet chocolate chips;4 milk chocolate candy bars (1.55 ounces each), coarsely chopped;Colored sprinkles, optional\r",{"entities":[[6,12,"INGREDIENTS"],[13,26,"INGREDIENTS"],[44,57,"INGREDIENTS"],[59,64,"INGREDIENTS"],[81,87,"INGREDIENTS"],[111,115,"INGREDIENTS"],[123,132,"INGREDIENTS"],[133,142,"INGREDIENTS"],[143,148,"INGREDIENTS"],[151,155,"INGREDIENTS"],[156,165,"INGREDIENTS"],[166,171,"INGREDIENTS"],[172,176,"INGREDIENTS"],[222,231,"INGREDIENTS"]]}],["1 pound ground beef;1 cup chopped onion;2 cups frozen corn, thawed;2 cups frozen peas, thawed;2 tablespoons ketchup;1 tablespoon Worcestershire sauce;2 teaspoons minced garlic;1 tablespoon cornstarch;1 teaspoon beef bouillon granules;1/2 cup cold water;1/2 cup sour cream;3-1/2 cups mashed potatoes (prepared with milk and butter);3/4 cup shredded cheddar cheese\r",{"entities":[[15,19,"INGREDIENTS"],[26,33,"INGREDIENTS"],[34,39,"INGREDIENTS"],[54,58,"INGREDIENTS"],[74,85,"INGREDIENTS"],[108,115,"INGREDIENTS"],[129,149,"INGREDIENTS"],[162,175,"INGREDIENTS"],[189,199,"INGREDIENTS"],[211,215,"INGREDIENTS"],[216,224,"INGREDIENTS"],[225,233,"INGREDIENTS"],[247,252,"INGREDIENTS"],[266,271,"INGREDIENTS"],[283,298,"INGREDIENTS"],[314,318,"INGREDIENTS"],[323,329,"INGREDIENTS"],[339,362,"INGREDIENTS"]]}],["1 pound ground beef;1 jar (28 ounces) spaghetti sauce;1 package (25 ounces) frozen sausage or cheese ravioli;1-1/2 cups shredded part-skim mozzarella cheese;Minced fresh basil, optional\r",{"entities":[[15,19,"INGREDIENTS"],[38,47,"INGREDIENTS"],[48,53,"INGREDIENTS"],[83,90,"INGREDIENTS"],[94,100,"INGREDIENTS"],[101,108,"INGREDIENTS"],[129,138,"INGREDIENTS"],[139,149,"INGREDIENTS"],[150,156,"INGREDIENTS"],[164,175,"INGREDIENTS"]]}],["2 quarts water;8 teaspoons chicken bouillon granules;6-1/2 cups uncooked wide egg noodles;2 cans (10-3/4 ounces each) condensed cream of chicken soup, undiluted;3 cups cubed cooked chicken;1 cup sour cream;Minced fresh parsley\r",{"entities":[[9,14,"INGREDIENTS"],[27,43,"INGREDIENTS"],[44,52,"INGREDIENTS"],[78,81,"INGREDIENTS"],[82,89,"INGREDIENTS"],[105,111,"INGREDIENTS"],[118,133,"INGREDIENTS"],[137,149,"INGREDIENTS"],[174,188,"INGREDIENTS"],[195,205,"INGREDIENTS"],[213,226,"INGREDIENTS"]]}],["2 cups crushed pretzels (about 8 ounces);3/4 cup butter, melted;3 tablespoons sugar;filling:;2 cups whipped topping;1 package (8 ounces) cream cheese, softened;1 cup sugar;topping:;2 packages (3 ounces each) strawberry gelatin;2 cups boiling water;2 packages (16 ounces each) frozen sweetened sliced strawberries, thawed;Optional: Additional whipped topping and pretzels\r",{"entities":[[15,23,"INGREDIENTS"],[49,55,"INGREDIENTS"],[78,83,"INGREDIENTS"],[100,115,"INGREDIENTS"],[137,149,"INGREDIENTS"],[166,171,"INGREDIENTS"],[208,218,"INGREDIENTS"],[219,226,"INGREDIENTS"],[234,247,"INGREDIENTS"],[283,299,"INGREDIENTS"],[300,312,"INGREDIENTS"],[314,320,"INGREDIENTS"],[342,357,"INGREDIENTS"],[362,370,"INGREDIENTS"]]}],["1-1/2 cups uncooked penne pasta;1 tablespoon canola oil;1 pound boneless skinless chicken thighs, cut into 1-inch pieces;1/2 cup chopped onion;1/2 cup chopped green pepper;1/2 cup chopped sweet red pepper;1 teaspoon dried basil;1 teaspoon dried oregano;1 teaspoon dried parsley flakes;1/2 teaspoon salt;1/2 teaspoon crushed red pepper flakes;3 garlic cloves, minced;1 can (14-1/2 ounces) diced tomatoes, undrained;3 tablespoons tomato paste;3/4 cup chicken broth;2 cups shredded part-skim mozzarella cheese;1/2 cup grated Romano cheese\r",{"entities":[[20,25,"INGREDIENTS"],[26,31,"INGREDIENTS"],[45,51,"INGREDIENTS"],[52,55,"INGREDIENTS"],[64,72,"INGREDIENTS"],[82,89,"INGREDIENTS"],[90,96,"INGREDIENTS"],[114,120,"INGREDIENTS"],[129,142,"INGREDIENTS"],[159,171,"INGREDIENTS"],[194,204,"INGREDIENTS"],[245,252,"INGREDIENTS"],[264,269,"INGREDIENTS"],[270,284,"INGREDIENTS"],[298,302,"INGREDIENTS"],[324,334,"INGREDIENTS"],[344,350,"INGREDIENTS"],[351,357,"INGREDIENTS"],[359,365,"INGREDIENTS"],[394,402,"INGREDIENTS"],[428,434,"INGREDIENTS"],[435,440,"INGREDIENTS"],[449,462,"INGREDIENTS"],[479,488,"INGREDIENTS"],[489,506,"INGREDIENTS"],[522,535,"INGREDIENTS"]]}],["1-1/3 cups sweetened shredded coconut;1/3 cup sugar;2 tablespoons all-purpose flour;1/8 teaspoon salt;2 large egg whites, room temperature;1/2 teaspoon vanilla extract\r",{"entities":[[11,20,"INGREDIENTS"],[21,29,"INGREDIENTS"],[30,37,"INGREDIENTS"],[46,51,"INGREDIENTS"],[78,83,"INGREDIENTS"],[97,101,"INGREDIENTS"],[110,113,"INGREDIENTS"],[152,159,"INGREDIENTS"]]}],["1-1/2 pounds red potatoes (about 6 medium), baked;1/4 teaspoon salt;1/4 teaspoon pepper;1 pound sliced bacon, cooked and crumbled;3 cups sour cream;2 cups shredded mozzarella cheese;2 cups shredded cheddar cheese;2 green onions, sliced\r",{"entities":[[13,25,"INGREDIENTS"],[44,49,"INGREDIENTS"],[63,67,"INGREDIENTS"],[81,87,"INGREDIENTS"],[96,108,"INGREDIENTS"],[137,141,"INGREDIENTS"],[142,147,"INGREDIENTS"],[206,212,"INGREDIENTS"],[215,227,"INGREDIENTS"]]}],["2 pounds ground beef;1 envelope taco seasoning;1-1/2 cups water;1 can (16 ounces) mild chili beans, undrained;1 can (15-1/4 ounces) whole kernel corn, drained;1 can (15 ounces) pinto beans, rinsed and drained;1 can (14-1/2 ounces) stewed tomatoes;1 can (10 ounces) diced tomato with green chiles;1 can (4 ounces) chopped green chiles, optional;1 envelope ranch salad dressing mix\r",{"entities":[[16,20,"INGREDIENTS"],[32,36,"INGREDIENTS"],[58,63,"INGREDIENTS"],[87,92,"INGREDIENTS"],[93,98,"INGREDIENTS"],[145,149,"INGREDIENTS"],[183,188,"INGREDIENTS"],[238,246,"INGREDIENTS"],[271,277,"INGREDIENTS"],[283,295,"INGREDIENTS"],[321,333,"INGREDIENTS"],[361,366,"INGREDIENTS"]]}],["1/2 cup uncooked long grain rice;1/2 cup water;1/3 cup chopped onion;1 teaspoon salt;1/2 teaspoon celery salt;1/8 teaspoon pepper;1/8 teaspoon garlic powder;1 pound ground beef;2 tablespoons canola oil;1 can (15 ounces) tomato sauce;1 cup water;2 tablespoons brown sugar;2 teaspoons Worcestershire sauce\r",{"entities":[[22,27,"INGREDIENTS"],[28,32,"INGREDIENTS"],[41,46,"INGREDIENTS"],[63,68,"INGREDIENTS"],[80,84,"INGREDIENTS"],[105,109,"INGREDIENTS"],[123,129,"INGREDIENTS"],[143,149,"INGREDIENTS"],[150,156,"INGREDIENTS"],[172,176,"INGREDIENTS"],[191,197,"INGREDIENTS"],[198,201,"INGREDIENTS"],[220,226,"INGREDIENTS"],[227,232,"INGREDIENTS"],[259,270,"INGREDIENTS"],[283,303,"INGREDIENTS"]]}],["1 cup all-purpose flour;1/2 cup sugar;2 teaspoons baking powder;1/2 teaspoon salt;1/2 teaspoon ground cinnamon, optional;1/2 cup 2% milk;3 cups sliced peeled fresh or frozen peaches;topping:;1-1/2 cups water;1/2 cup sugar;1/2 cup packed brown sugar;1 tablespoon butter;1/4 teaspoon ground nutmeg;Vanilla ice cream, optional\r",{"entities":[[18,23,"INGREDIENTS"],[32,37,"INGREDIENTS"],[50,63,"INGREDIENTS"],[77,81,"INGREDIENTS"],[102,110,"INGREDIENTS"],[132,136,"INGREDIENTS"],[151,157,"INGREDIENTS"],[174,181,"INGREDIENTS"],[202,207,"INGREDIENTS"],[216,221,"INGREDIENTS"],[237,248,"INGREDIENTS"],[262,268,"INGREDIENTS"],[289,295,"INGREDIENTS"],[296,313,"INGREDIENTS"]]}],["12 whole graham crackers;2 cups miniature marshmallows;3/4 cup butter, cubed;3/4 cup packed brown sugar;1 teaspoon ground cinnamon;1 teaspoon vanilla extract;1 cup sliced almonds;1 cup sweetened shredded coconut\r",{"entities":[[16,24,"INGREDIENTS"],[42,54,"INGREDIENTS"],[63,69,"INGREDIENTS"],[92,103,"INGREDIENTS"],[122,130,"INGREDIENTS"],[142,157,"INGREDIENTS"],[164,178,"INGREDIENTS"],[204,211,"INGREDIENTS"]]}],["1 package (12 ounces) Hawaiian sweet rolls;1/2 cup horseradish sauce;3/4 pound sliced deli ham;6 slices Swiss cheese, halved;1/2 cup butter, cubed;2 tablespoons finely chopped onion;2 tablespoons brown sugar;1 tablespoon spicy brown mustard;2 teaspoons poppy seeds;1-1/2 teaspoons Worcestershire sauce;1/4 teaspoon garlic powder\r",{"entities":[[22,30,"INGREDIENTS"],[31,36,"INGREDIENTS"],[37,42,"INGREDIENTS"],[51,62,"INGREDIENTS"],[63,68,"INGREDIENTS"],[110,116,"INGREDIENTS"],[133,139,"INGREDIENTS"],[176,181,"INGREDIENTS"],[202,207,"INGREDIENTS"],[221,226,"INGREDIENTS"],[233,240,"INGREDIENTS"],[253,258,"INGREDIENTS"],[259,264,"INGREDIENTS"],[281,301,"INGREDIENTS"],[315,328,"INGREDIENTS"]]}],["3 pounds boneless skinless chicken thighs;3/4 cup sugar;3/4 cup reduced-sodium soy sauce;1/3 cup cider vinegar;1 garlic clove, minced;3/4 teaspoon ground ginger;1/4 teaspoon pepper;4 teaspoons cornstarch;4 teaspoons cold water;Hot cooked rice, optional\r",{"entities":[[9,17,"INGREDIENTS"],[27,34,"INGREDIENTS"],[35,41,"INGREDIENTS"],[50,55,"INGREDIENTS"],[64,78,"INGREDIENTS"],[79,82,"INGREDIENTS"],[83,88,"INGREDIENTS"],[97,102,"INGREDIENTS"],[103,110,"INGREDIENTS"],[127,133,"INGREDIENTS"],[154,160,"INGREDIENTS"],[174,180,"INGREDIENTS"],[193,203,"INGREDIENTS"],[221,226,"INGREDIENTS"],[231,242,"INGREDIENTS"]]}],["2 teaspoons butter, softened;2 cups sugar;1/2 cup whole milk;1-1/3 cups peanut butter;1 jar (7 ounces) marshmallow creme\r",{"entities":[[12,18,"INGREDIENTS"],[36,41,"INGREDIENTS"],[56,60,"INGREDIENTS"],[72,78,"INGREDIENTS"],[79,85,"INGREDIENTS"],[103,114,"INGREDIENTS"],[115,120,"INGREDIENTS"]]}],["2 cups uncooked elbow macaroni;1 large tomato, finely chopped;2 celery ribs, finely chopped;5 green onions, finely chopped;1-1/4 cups mayonnaise;5 teaspoon white vinegar;1/4 teaspoon salt;1/8 to 1/4 teaspoon pepper;1 pound bacon strips, cooked and crumbled\r",{"entities":[[16,21,"INGREDIENTS"],[22,30,"INGREDIENTS"],[39,45,"INGREDIENTS"],[71,75,"INGREDIENTS"],[100,106,"INGREDIENTS"],[134,144,"INGREDIENTS"],[162,169,"INGREDIENTS"],[183,187,"INGREDIENTS"],[208,214,"INGREDIENTS"],[229,235,"INGREDIENTS"],[237,243,"INGREDIENTS"],[248,256,"INGREDIENTS"]]}],["1/2 cup plus 2 tablespoons quick-cooking oats;1/2 cup whole wheat flour;1/2 cup all-purpose flour;1/2 teaspoon baking soda;1/2 teaspoon salt;1/3 cup packed brown sugar;1 large egg, room temperature;2 tablespoons vegetable oil;1 cup buttermilk\r",{"entities":[[41,45,"INGREDIENTS"],[60,71,"INGREDIENTS"],[92,97,"INGREDIENTS"],[118,122,"INGREDIENTS"],[136,140,"INGREDIENTS"],[156,167,"INGREDIENTS"],[176,179,"INGREDIENTS"],[212,225,"INGREDIENTS"],[232,242,"INGREDIENTS"]]}],["1-1/2 pounds boneless skinless chicken breast halves;3 tablespoons lime juice;1 tablespoon chili powder;1 cup frozen corn, thawed;1 cup chunky salsa;12 fat-free flour tortillas (6 inches), warmed;Optional: Sour cream, pickled onions, shredded lettuce and shredded cheddar or Cotija cheese\r",{"entities":[[13,21,"INGREDIENTS"],[22,30,"INGREDIENTS"],[31,38,"INGREDIENTS"],[39,45,"INGREDIENTS"],[46,52,"INGREDIENTS"],[67,71,"INGREDIENTS"],[72,77,"INGREDIENTS"],[91,103,"INGREDIENTS"],[110,116,"INGREDIENTS"],[136,148,"INGREDIENTS"],[161,166,"INGREDIENTS"],[167,176,"INGREDIENTS"],[206,216,"INGREDIENTS"],[218,225,"INGREDIENTS"],[226,232,"INGREDIENTS"],[234,242,"INGREDIENTS"],[243,250,"INGREDIENTS"],[255,271,"INGREDIENTS"],[275,281,"INGREDIENTS"],[282,288,"INGREDIENTS"]]}],["2 tablespoons butter;1/2 pound sliced fresh mushrooms;1/4 cup chopped onion;6 tablespoons all-purpose flour;1/2 teaspoon salt;1/8 teaspoon pepper;2 cans (14-1/2 ounces each) chicken broth;1 cup half-and-half cream\r",{"entities":[[14,20,"INGREDIENTS"],[38,43,"INGREDIENTS"],[44,53,"INGREDIENTS"],[70,75,"INGREDIENTS"],[102,107,"INGREDIENTS"],[121,125,"INGREDIENTS"],[139,145,"INGREDIENTS"],[174,187,"INGREDIENTS"],[208,213,"INGREDIENTS"]]}],["1 tablespoon sesame oil;1/2 pound ground pork;1 tablespoon soy sauce;1 garlic clove, minced;1 teaspoon ground ginger;1/2 teaspoon salt;1/4 teaspoon ground turmeric;1/4 teaspoon pepper;6 cups shredded cabbage (about 1 small head);2 large carrots, shredded (about 2 cups);4 ounces rice noodles;3 green onions, thinly sliced;Additional soy sauce, optional\r",{"entities":[[13,23,"INGREDIENTS"],[41,45,"INGREDIENTS"],[59,62,"INGREDIENTS"],[63,68,"INGREDIENTS"],[78,83,"INGREDIENTS"],[110,116,"INGREDIENTS"],[130,134,"INGREDIENTS"],[155,163,"INGREDIENTS"],[177,183,"INGREDIENTS"],[200,207,"INGREDIENTS"],[237,244,"INGREDIENTS"],[284,291,"INGREDIENTS"],[294,306,"INGREDIENTS"],[308,321,"INGREDIENTS"],[333,342,"INGREDIENTS"]]}],["1 package white cake mix (regular size);1 package (3 ounces) strawberry gelatin;3 tablespoons sugar;3 tablespoons all-purpose flour;1 cup water;1/2 cup canola oil;2 large eggs, room temperature;1 cup finely chopped strawberries;frosting:;1/2 cup butter, softened;1/2 cup crushed strawberries;4-1/2 to 5 cups confectioners' sugar",{"entities":[[10,20,"INGREDIENTS"],[61,71,"INGREDIENTS"],[72,79,"INGREDIENTS"],[94,99,"INGREDIENTS"],[126,131,"INGREDIENTS"],[138,143,"INGREDIENTS"],[152,158,"INGREDIENTS"],[159,162,"INGREDIENTS"],[171,175,"INGREDIENTS"],[215,227,"INGREDIENTS"],[228,236,"INGREDIENTS"],[279,291,"INGREDIENTS"]]}],["1 package white cake mix (regular size);1 package (3 ounces) strawberry gelatin;3 tablespoons sugar;3 tablespoons all-purpose flour;1 cup water;1/2 cup canola oil;2 large eggs, room temperature;1 cup finely chopped strawberries;frosting:;1/2 cup butter, softened;1/2 cup crushed strawberries;4-1/2 to 5 cups confectioners' sugar",{"entities":[[10,20,"INGREDIENTS"],[61,71,"INGREDIENTS"],[72,79,"INGREDIENTS"],[94,99,"INGREDIENTS"],[126,131,"INGREDIENTS"],[138,143,"INGREDIENTS"],[152,158,"INGREDIENTS"],[159,162,"INGREDIENTS"],[171,175,"INGREDIENTS"],[215,227,"INGREDIENTS"],[228,236,"INGREDIENTS"],[279,291,"INGREDIENTS"]]}],["1 package white cake mix (regular size);1 package (3 ounces) strawberry gelatin;3 tablespoons sugar;3 tablespoons all-purpose flour;1 cup water;1/2 cup canola oil;2 large eggs, room temperature;1 cup finely chopped strawberries;frosting:;1/2 cup butter, softened;1/2 cup crushed strawberries;4-1/2 to 5 cups confectioners' sugar",{"entities":[[10,20,"INGREDIENTS"],[61,71,"INGREDIENTS"],[72,79,"INGREDIENTS"],[94,99,"INGREDIENTS"],[126,131,"INGREDIENTS"],[138,143,"INGREDIENTS"],[152,158,"INGREDIENTS"],[159,162,"INGREDIENTS"],[171,175,"INGREDIENTS"],[215,227,"INGREDIENTS"],[228,236,"INGREDIENTS"],[279,291,"INGREDIENTS"]]}],["1 package white cake mix (regular size);1 package (3 ounces) strawberry gelatin;3 tablespoons sugar;3 tablespoons all-purpose flour;1 cup water;1/2 cup canola oil;2 large eggs, room temperature;1 cup finely chopped strawberries;frosting:;1/2 cup butter, softened;1/2 cup crushed strawberries;4-1/2 to 5 cups confectioners' sugar",{"entities":[[10,20,"INGREDIENTS"],[61,71,"INGREDIENTS"],[72,79,"INGREDIENTS"],[94,99,"INGREDIENTS"],[126,131,"INGREDIENTS"],[138,143,"INGREDIENTS"],[152,158,"INGREDIENTS"],[159,162,"INGREDIENTS"],[171,175,"INGREDIENTS"],[215,227,"INGREDIENTS"],[228,236,"INGREDIENTS"],[279,291,"INGREDIENTS"]]}]]}